date,type,distance_m,time_sec,notes
2026-08-24,water,12000,3240,Early water steady state on the Mon
2026-08-26,erg,8000,1920,4 x 2k aerobic benchmark
2026-08-29,water,10000,2700,Technical rows and power tens
2026-09-01,erg,6000,1380,3 x 2k threshold pieces
2026-09-03,water,14000,3780,Long base row on the Allegheny
2026-09-06,race,2000,420,Head race simulation piece
2026-09-09,erg,10000,2340,5 x 2k with 2 minutes rest
2026-09-12,water,16000,4320,Saturday long row with steady pressure
2026-09-15,erg,7500,1770,Rate ladder and controlled finish
2026-09-18,water,9000,2430,Short technical row before regatta
2026-09-20,race,2000,408,Intrasquad 2k test
